{
	"credit": "Made with Blockbench",
	"texture_size": [32, 32],
	"textures": {
		"0": "pirate_accessories/black_bicorn",
		"particle": "pirate_accessories/black_bicorn"
	},
	"elements": [
		{
			"name": "rim",
			"from": [3.5, 5, 1],
			"to": [12.5, 5, 15],
			"rotation": {"angle": 0, "axis": "y", "origin": [8, 0, 6]},
			"faces": {
				"north": {"uv": [11.5, 11, 16, 11], "texture": "#0"},
				"east": {"uv": [15.5, 11.5, 16, 12], "texture": "#0"},
				"south": {"uv": [11.5, 10, 16, 10], "texture": "#0"},
				"west": {"uv": [15, 9.5, 16, 10], "texture": "#0"},
				"up": {"uv": [4.5, 7, 0, 0], "texture": "#0"},
				"down": {"uv": [9, 0, 4.5, 7], "texture": "#0"}
			}
		},
		{
			"name": "rim",
			"from": [12.5, 5, 1],
			"to": [12.5, 6, 15],
			"rotation": {"angle": -22.5, "axis": "z", "origin": [12.5, 5, 7]},
			"faces": {
				"north": {"uv": [16, 9, 16, 9.5], "texture": "#0"},
				"east": {"uv": [9, 2, 16, 2.5], "texture": "#0"},
				"south": {"uv": [16, 9.5, 16, 10], "texture": "#0"},
				"west": {"uv": [9, 2, 16, 2.5], "texture": "#0"},
				"up": {"uv": [16, 13.5, 16, 6.5], "texture": "#0"},
				"down": {"uv": [16, 6.5, 16, 13.5], "texture": "#0"}
			}
		},
		{
			"name": "rim",
			"from": [3.5, 5, 1],
			"to": [3.5, 6, 15],
			"rotation": {"angle": 22.5, "axis": "z", "origin": [3.5, 5, 7]},
			"faces": {
				"north": {"uv": [16, 11, 16, 11.5], "texture": "#0"},
				"east": {"uv": [9, 2, 16, 2.5], "texture": "#0"},
				"south": {"uv": [16, 9.5, 16, 10], "texture": "#0"},
				"west": {"uv": [9, 2, 16, 2.5], "texture": "#0"},
				"up": {"uv": [16, 14, 16, 7], "texture": "#0"},
				"down": {"uv": [16, 4, 16, 11], "texture": "#0"}
			}
		},
		{
			"name": "rim",
			"from": [3.12, 5.92, 1],
			"to": [3.12, 9.92, 15],
			"rotation": {"angle": 0, "axis": "z", "origin": [3.5, 7, 7]},
			"faces": {
				"north": {"uv": [16, 8.5, 16, 10], "texture": "#0"},
				"east": {"uv": [9, 0, 16, 2], "texture": "#0"},
				"south": {"uv": [16, 7.5, 16, 9], "texture": "#0"},
				"west": {"uv": [9, 0, 16, 2], "texture": "#0"},
				"up": {"uv": [16, 14, 16, 7], "texture": "#0"},
				"down": {"uv": [16, 4.5, 16, 11.5], "texture": "#0"}
			}
		},
		{
			"name": "rim",
			"from": [12.885, 5.92, 1],
			"to": [12.885, 9.92, 15],
			"rotation": {"angle": 0, "axis": "y", "origin": [13.5, 6, 9]},
			"faces": {
				"north": {"uv": [16, 13, 16, 14.5], "texture": "#0"},
				"east": {"uv": [9, 0, 16, 2], "texture": "#0"},
				"south": {"uv": [16, 6.5, 16, 8], "texture": "#0"},
				"west": {"uv": [9, 0, 16, 2], "texture": "#0"},
				"up": {"uv": [16, 11.5, 16, 4.5], "rotation": 180, "texture": "#0"},
				"down": {"uv": [16, 4.5, 16, 9], "rotation": 180, "texture": "#0"}
			}
		},
		{
			"from": [4, 5, 4.5],
			"to": [12, 8, 11.5],
			"rotation": {"angle": 0, "axis": "y", "origin": [12, 13, 12]},
			"faces": {
				"north": {"uv": [0, 7.5, 4, 9], "texture": "#0"},
				"east": {"uv": [8.5, 7.5, 12, 9], "texture": "#0"},
				"south": {"uv": [4, 7.5, 8, 9], "texture": "#0"},
				"west": {"uv": [8.5, 7.5, 12, 9], "texture": "#0"},
				"up": {"uv": [13, 6.5, 9, 3], "texture": "#0"},
				"down": {"uv": [16, 15.5, 15.5, 16], "texture": "#0"}
			}
		},
		{
			"from": [4, 5, 3.5],
			"to": [12, 7, 4.5],
			"rotation": {"angle": 0, "axis": "y", "origin": [12, 13, 11]},
			"faces": {
				"north": {"uv": [0, 8, 4, 9], "texture": "#0"},
				"east": {"uv": [12, 8, 12.5, 9], "texture": "#0"},
				"south": {"uv": [0, 7.5, 4, 9], "texture": "#0"},
				"west": {"uv": [4, 8, 4.5, 9], "texture": "#0"},
				"up": {"uv": [13, 7, 9, 6.5], "texture": "#0"},
				"down": {"uv": [16, 15.5, 15.5, 16], "texture": "#0"}
			}
		},
		{
			"from": [4, 5, 11.5],
			"to": [12, 7, 12.5],
			"rotation": {"angle": 0, "axis": "y", "origin": [12, 13, 19]},
			"faces": {
				"north": {"uv": [4, 8, 8, 9], "texture": "#0"},
				"east": {"uv": [12, 8, 12.5, 9], "texture": "#0"},
				"south": {"uv": [4, 8, 8, 9], "texture": "#0"},
				"west": {"uv": [4, 8, 4.5, 9], "texture": "#0"},
				"up": {"uv": [13, 3, 9, 2.5], "texture": "#0"},
				"down": {"uv": [16, 15.5, 15.5, 16], "texture": "#0"}
			}
		},
		{
			"from": [8, 6.5, 10],
			"to": [8, 14.5, 20],
			"rotation": {"angle": 0, "axis": "y", "origin": [16, 15, 18]},
			"faces": {
				"north": {"uv": [16, 5.5, 16, 9], "texture": "#0"},
				"east": {"uv": [5, 9, 10, 12.5], "texture": "#0"},
				"south": {"uv": [14.5, 4.5, 14.5, 8], "texture": "#0"},
				"west": {"uv": [0, 9, 5, 12.5], "texture": "#0"},
				"up": {"uv": [14, 4, 14, 8], "texture": "#0"},
				"down": {"uv": [14.5, 4.5, 14.5, 8.5], "texture": "#0"}
			}
		}
	],
	"display": {
		"thirdperson_righthand": {
			"rotation": [75, 70, 0],
			"translation": [0, 1.5, 1],
			"scale": [0.4, 0.4, 0.4]
		},
		"thirdperson_lefthand": {
			"rotation": [75, 70, 0],
			"translation": [0, 1.5, 1],
			"scale": [0.4, 0.4, 0.4]
		},
		"firstperson_righthand": {
			"rotation": [0, 45, 0],
			"translation": [0, 1.5, 0],
			"scale": [0.6, 0.6, 0.6]
		},
		"firstperson_lefthand": {
			"rotation": [0, 45, 0],
			"translation": [0, 1.5, 0],
			"scale": [0.6, 0.6, 0.6]
		},
		"ground": {
			"scale": [0.4, 0.4, 0.4]
		},
		"gui": {
			"rotation": [30, 135, 0],
			"scale": [0.8, 0.8, 0.8]
		},
		"head": {
			"translation": [0, 10, 0],
			"scale": [1.7, 1.7, 1.7]
		},
		"fixed": {
			"rotation": [0, 90, 0],
			"translation": [0, 0, -0.25]
		}
	},
	"groups": [
		{
			"name": "headwear",
			"origin": [-5, 2, -5],
			"children": [0, 1, 2, 3, 4, 5, 6, 7, 8]
		}
	]
}