{
	"credit": "Made with Blockbench",
	"texture_size": [32, 32],
	"textures": {
		"0": "item/chainsaw",
		"particle": "item/chainsaw"
	},
	"elements": [
		{
			"name": "basebottom",
			"from": [4, 0, 4],
			"to": [12, 1, 14],
			"rotation": {"angle": 0, "axis": "z", "origin": [8, 3, 13]},
			"faces": {
				"north": {"uv": [0, 6.5, 4, 7], "texture": "#0"},
				"east": {"uv": [10, 3, 15, 3.5], "texture": "#0"},
				"south": {"uv": [5.5, 3, 9.5, 3.5], "texture": "#0"},
				"west": {"uv": [0, 3, 5, 3.5], "texture": "#0"},
				"up": {"uv": [12, 10.5, 12.6145, 11.115], "texture": "#0"},
				"down": {"uv": [11, 9, 15, 14], "texture": "#0"}
			}
		},
		{
			"name": "basemain",
			"from": [4, 1, 4],
			"to": [12, 6, 14],
			"rotation": {"angle": 0, "axis": "z", "origin": [8, 3, 13]},
			"faces": {
				"north": {"uv": [0, 4, 4, 6.5], "texture": "#0"},
				"east": {"uv": [10, 0.5, 15, 3], "texture": "#0"},
				"south": {"uv": [5.5, 0.5, 9.5, 3], "texture": "#0"},
				"west": {"uv": [0, 0.5, 5, 3], "texture": "#0"},
				"up": {"uv": [5.5, 0.5, 9.5, 1], "texture": "#0"},
				"down": {"uv": [5.5, 2.5, 9.5, 3], "texture": "#0"}
			}
		},
		{
			"name": "basetop",
			"from": [4, 6, 4],
			"to": [12, 7, 14],
			"rotation": {"angle": 0, "axis": "z", "origin": [8, 3, 13]},
			"faces": {
				"north": {"uv": [0, 3.5, 4, 4], "texture": "#0"},
				"east": {"uv": [10, 0, 15, 0.5], "texture": "#0"},
				"south": {"uv": [7, 13.5, 11, 14], "texture": "#0"},
				"west": {"uv": [0, 0, 5, 0.5], "texture": "#0"},
				"up": {"uv": [7, 9, 11, 14], "texture": "#0"},
				"down": {"uv": [14.5, 0, 12.5, 1.5], "texture": "#0"}
			}
		},
		{
			"name": "basetop",
			"from": [4, 1, 14],
			"to": [12, 7, 15],
			"rotation": {"angle": 0, "axis": "y", "origin": [8, 3, 13]},
			"faces": {
				"north": {"uv": [5.5, 0, 9.5, 3.5], "texture": "#0"},
				"east": {"uv": [9.5, 0, 10, 3], "texture": "#0"},
				"south": {"uv": [5.5, 0, 9.5, 3], "texture": "#0"},
				"west": {"uv": [5, 0, 5.5, 3], "texture": "#0"},
				"up": {"uv": [5.5, 0, 9.5, 0.5], "texture": "#0"},
				"down": {"uv": [9.5, 2.5, 5.5, 3], "texture": "#0"}
			}
		},
		{
			"from": [2, -1, 5],
			"to": [14, 4, 7],
			"rotation": {"angle": 0, "axis": "x", "origin": [7, 9, 11]},
			"faces": {
				"north": {"uv": [0.5, 12, 1.5, 13], "texture": "#0"},
				"east": {"uv": [0.5, 12, 1.5, 13], "texture": "#0"},
				"south": {"uv": [0.5, 12, 1.5, 13], "texture": "#0"},
				"west": {"uv": [0.5, 12, 1.5, 13], "texture": "#0"},
				"up": {"uv": [0.5, 12, 1.5, 13], "texture": "#0"},
				"down": {"uv": [0.5, 12, 1.5, 13], "texture": "#0"}
			}
		},
		{
			"from": [3, -2, 5],
			"to": [13, 0, 7],
			"rotation": {"angle": 0, "axis": "y", "origin": [7, 9, 11]},
			"faces": {
				"north": {"uv": [0.5, 12, 1.5, 13], "texture": "#0"},
				"east": {"uv": [0.5, 12, 1.5, 13], "texture": "#0"},
				"south": {"uv": [0.5, 12, 1.5, 13], "texture": "#0"},
				"west": {"uv": [0.5, 12, 1.5, 13], "texture": "#0"},
				"up": {"uv": [0.5, 12, 1.5, 13], "texture": "#0"},
				"down": {"uv": [0.5, 12, 1.5, 13], "texture": "#0"}
			}
		},
		{
			"from": [1, 3, 6],
			"to": [3, 9, 8],
			"rotation": {"angle": 0, "axis": "y", "origin": [7, 6, 12]},
			"faces": {
				"north": {"uv": [6, 9, 7, 12.5], "texture": "#0"},
				"east": {"uv": [0.5, 9, 1, 12.5], "texture": "#0"},
				"south": {"uv": [0, 9, 1, 12.5], "texture": "#0"},
				"west": {"uv": [0, 9, 0.5, 12.5], "texture": "#0"},
				"up": {"uv": [0, 9, 1, 9.5], "texture": "#0"},
				"down": {"uv": [0, 11, 1, 12.5], "texture": "#0"}
			}
		},
		{
			"from": [13, 3, 6],
			"to": [15, 9, 8],
			"rotation": {"angle": 0, "axis": "y", "origin": [7, 6, 12]},
			"faces": {
				"north": {"uv": [0, 9, 1, 12.5], "texture": "#0"},
				"east": {"uv": [6.5, 9, 7, 12.5], "texture": "#0"},
				"south": {"uv": [6, 9, 7, 12.5], "texture": "#0"},
				"west": {"uv": [6, 9, 6.5, 12.5], "texture": "#0"},
				"up": {"uv": [6, 9, 7, 9.5], "texture": "#0"},
				"down": {"uv": [6, 12, 7, 12.5], "texture": "#0"}
			}
		},
		{
			"from": [2, 8, 7],
			"to": [14, 10, 9],
			"rotation": {"angle": 0, "axis": "x", "origin": [7, 9, 13]},
			"faces": {
				"north": {"uv": [0.5, 8.5, 6.5, 9.5], "texture": "#0"},
				"east": {"uv": [0.5, 8.5, 6.5, 9], "texture": "#0"},
				"south": {"uv": [0.5, 8.5, 6.5, 9.5], "texture": "#0"},
				"west": {"uv": [0.5, 8.5, 6.5, 9], "texture": "#0"},
				"up": {"uv": [0.5, 8.5, 6.5, 9], "texture": "#0"},
				"down": {"uv": [0.5, 9, 6.5, 9.5], "texture": "#0"}
			}
		},
		{
			"name": "backhandletop",
			"from": [7, 7, 12],
			"to": [9, 9, 17],
			"rotation": {"angle": 0, "axis": "x", "origin": [6, 14, 21]},
			"faces": {
				"north": {"uv": [5.5, 8.5, 6, 9.5], "texture": "#0"},
				"east": {"uv": [6.5, 8.5, 4, 9.5], "texture": "#0"},
				"south": {"uv": [6, 8.5, 6.5, 9.5], "texture": "#0"},
				"west": {"uv": [4, 8.5, 6.5, 9.5], "texture": "#0"},
				"up": {"uv": [5.5, 8.5, 6.5, 9], "texture": "#0"},
				"down": {"uv": [5.5, 9, 6, 9.5], "texture": "#0"}
			}
		},
		{
			"name": "backhandletop",
			"from": [7, 8, 9],
			"to": [9, 10, 13],
			"rotation": {"angle": 0, "axis": "y", "origin": [6, 15, 17]},
			"faces": {
				"north": {"uv": [5.5, 8.5, 6, 9.5], "texture": "#0"},
				"east": {"uv": [6.5, 8.5, 4.5, 9.5], "texture": "#0"},
				"south": {"uv": [6, 8.5, 6.5, 9.5], "texture": "#0"},
				"west": {"uv": [4.5, 8.5, 6.5, 9.5], "texture": "#0"},
				"up": {"uv": [5.5, 8.5, 6.5, 9], "texture": "#0"},
				"down": {"uv": [5.5, 9, 6, 9.5], "texture": "#0"}
			}
		},
		{
			"name": "backhandlemiddle",
			"from": [7, 3, 16],
			"to": [9, 8, 18],
			"rotation": {"angle": 0, "axis": "x", "origin": [6, 10, 22]},
			"faces": {
				"north": {"uv": [15, 6, 16, 8.5], "texture": "#0"},
				"east": {"uv": [16, 6, 15, 8.5], "texture": "#0"},
				"south": {"uv": [15.5, 6, 16, 8.5], "texture": "#0"},
				"west": {"uv": [15, 6, 16, 8.5], "texture": "#0"},
				"up": {"uv": [15, 6, 16, 6.5], "texture": "#0"},
				"down": {"uv": [15, 8, 16, 8.5], "texture": "#0"}
			}
		},
		{
			"name": "backhandlebottom",
			"from": [7, 2, 15],
			"to": [9, 4, 17],
			"rotation": {"angle": 0, "axis": "x", "origin": [6, 9, 21]},
			"faces": {
				"north": {"uv": [14.5, 8, 15.5, 9], "texture": "#0"},
				"east": {"uv": [14.5, 8, 15.5, 9], "texture": "#0"},
				"south": {"uv": [14.5, 8, 15.5, 9], "texture": "#0"},
				"west": {"uv": [14.5, 8, 15.5, 9], "texture": "#0"},
				"up": {"uv": [14.5, 8, 15.5, 9], "texture": "#0"},
				"down": {"uv": [14.5, 8, 15.5, 9], "texture": "#0"}
			}
		},
		{
			"name": "frame1",
			"from": [11, 1, 3],
			"to": [12, 6, 4],
			"rotation": {"angle": 0, "axis": "y", "origin": [9, 9, 8]},
			"faces": {
				"north": {"uv": [15, 6, 15.5, 8.5], "texture": "#0"},
				"east": {"uv": [15, 6, 15.5, 8.5], "texture": "#0"},
				"south": {"uv": [12, 6, 12.5, 8.5], "texture": "#0"},
				"west": {"uv": [15, 6, 15.5, 8.5], "texture": "#0"},
				"up": {"uv": [15, 6, 15.5, 6.5], "texture": "#0"},
				"down": {"uv": [15, 8, 15.5, 8.5], "texture": "#0"}
			}
		},
		{
			"name": "frame2",
			"from": [9, 1, 3],
			"to": [10, 6, 4],
			"rotation": {"angle": 0, "axis": "y", "origin": [7, 9, 8]},
			"faces": {
				"north": {"uv": [15, 6, 15.5, 8.5], "texture": "#0"},
				"east": {"uv": [15, 6, 15.5, 8.5], "texture": "#0"},
				"south": {"uv": [12, 6, 12.5, 8.5], "texture": "#0"},
				"west": {"uv": [15, 6, 15.5, 8.5], "texture": "#0"},
				"up": {"uv": [15, 6, 15.5, 6.5], "texture": "#0"},
				"down": {"uv": [15, 8, 15.5, 8.5], "texture": "#0"}
			}
		},
		{
			"name": "saw",
			"from": [10, 2, -12],
			"to": [11, 5, 4],
			"rotation": {"angle": 0, "axis": "y", "origin": [8, 9, 8]},
			"faces": {
				"north": {"uv": [4.5, 4, 5, 5.5], "texture": "#0"},
				"east": {"uv": [12, 4, 4.5, 5.5], "texture": "#0"},
				"south": {"uv": [15.75, 15.25, 16, 16], "texture": "#0"},
				"west": {"uv": [4.5, 4, 12, 5.5], "texture": "#0"},
				"up": {"uv": [4.5, 4, 11, 4.5], "texture": "#0"},
				"down": {"uv": [4.5, 5, 11, 5.5], "texture": "#0"}
			}
		},
		{
			"name": "saw",
			"from": [10.5, 1, -13],
			"to": [10.51, 6, 4],
			"rotation": {"angle": 0, "axis": "y", "origin": [8, 9, 8]},
			"faces": {
				"east": {"uv": [12, 3.5, 4, 6], "texture": "#0"},
				"west": {"uv": [4, 3.5, 12, 6], "texture": "#0"}
			}
		}
	],
	"display": {
		"thirdperson_righthand": {
			"rotation": [59, 0, 0],
			"translation": [0.5, 0.75, -1]
		},
		"thirdperson_lefthand": {
			"rotation": [59, 0, 0],
			"translation": [0.5, 0.75, -1]
		},
		"firstperson_righthand": {
			"rotation": [23, -3, 25],
			"translation": [-9.5, 4.75, 5.75],
			"scale": [0.36, 0.45, 0.46]
		},
		"firstperson_lefthand": {
			"rotation": [23, -3, 25],
			"translation": [-9.5, 4.75, 5.75],
			"scale": [0.36, 0.45, 0.46]
		},
		"ground": {
			"translation": [0, 6.25, 0],
			"scale": [1.1, 1.1, 1.1]
		},
		"gui": {
			"rotation": [28, 153, 4],
			"translation": [2.25, 3.75, 0],
			"scale": [0.84, 0.84, 0.84]
		},
		"head": {
			"translation": [0, -1, -5]
		},
		"fixed": {
			"rotation": [0, 90, 0],
			"translation": [0, 4, 0]
		}
	},
	"groups": [
		{
			"name": "base",
			"origin": [8, 8, 8],
			"children": [0, 1, 2, 3]
		},
		{
			"name": "handles",
			"origin": [18, 9, 13],
			"children": [4, 5, 6, 7, 8]
		},
		{
			"name": "backhandles",
			"origin": [6, 8, 19],
			"children": [9, 10, 11, 12]
		},
		{
			"name": "saw",
			"origin": [7, 9, 8],
			"children": [13, 14, 15, 16]
		}
	]
}