{
	"credit": "Made with Blockbench",
	"texture_size": [32, 32],
	"textures": {
		"0": "pirate_accessories/purple_tricorn",
		"particle": "pirate_accessories/purple_tricorn"
	},
	"elements": [
		{
			"name": "bottom",
			"from": [4, 4.9997, 3],
			"to": [12, 4.9997, 13],
			"rotation": {"angle": 0, "axis": "y", "origin": [8.5, 0, 8.5]},
			"faces": {
				"north": {"uv": [11.5, 11, 16, 11], "texture": "#0"},
				"east": {"uv": [15.5, 11.5, 16, 12], "texture": "#0"},
				"south": {"uv": [11.5, 10, 16, 10], "texture": "#0"},
				"west": {"uv": [15, 9.5, 16, 10], "texture": "#0"},
				"up": {"uv": [14, 3.5, 14.5, 4], "texture": "#0"},
				"down": {"uv": [9, 1, 4.5, 6], "texture": "#0"}
			}
		},
		{
			"name": "front_rim",
			"from": [5, 4.9999, -1],
			"to": [11, 4.9999, 1.5],
			"rotation": {"angle": 0, "axis": "y", "origin": [8, 0, 3.75]},
			"faces": {
				"north": {"uv": [11.5, 11, 16, 11], "texture": "#0"},
				"east": {"uv": [15.5, 11.5, 16, 12], "texture": "#0"},
				"south": {"uv": [11.5, 10, 16, 10], "texture": "#0"},
				"west": {"uv": [13, 13, 14, 13.5], "texture": "#0"},
				"up": {"uv": [4, 7, 0.5, 5.5], "texture": "#0"},
				"down": {"uv": [4, 5.5, 0.5, 7], "texture": "#0"}
			}
		},
		{
			"name": "front_rim",
			"from": [4, 4.9999, 1.5],
			"to": [12, 4.9999, 4],
			"rotation": {"angle": 0, "axis": "y", "origin": [8, 0, 3.75]},
			"faces": {
				"north": {"uv": [11.5, 11, 16, 11], "texture": "#0"},
				"east": {"uv": [15.5, 11.5, 16, 12], "texture": "#0"},
				"south": {"uv": [11.5, 10, 16, 10], "texture": "#0"},
				"west": {"uv": [13, 13, 14, 13.5], "texture": "#0"},
				"up": {"uv": [10.5, 6.5, 10, 6], "texture": "#0"},
				"down": {"uv": [10, 2.5, 9.5, 3], "texture": "#0"}
			}
		},
		{
			"name": "rim",
			"from": [1, 5, 13.5],
			"to": [15, 9, 13.5],
			"rotation": {"angle": 0, "axis": "y", "origin": [8.5, 6, 14]},
			"faces": {
				"north": {"uv": [9, 0, 16, 2], "texture": "#0"},
				"east": {"uv": [16, 8.5, 16, 10], "texture": "#0"},
				"south": {"uv": [9, 0, 16, 2], "texture": "#0"},
				"west": {"uv": [16, 7.5, 16, 9], "texture": "#0"},
				"up": {"uv": [16, 14, 16, 7], "rotation": 90, "texture": "#0"},
				"down": {"uv": [16, 4.5, 16, 11.5], "rotation": 270, "texture": "#0"}
			}
		},
		{
			"name": "rim_bottom",
			"from": [1, 5, 12.5],
			"to": [15, 5, 13.5],
			"rotation": {"angle": 0, "axis": "x", "origin": [8.5, 6, 13]},
			"faces": {
				"north": {"uv": [9, 0, 16, 2], "texture": "#0"},
				"east": {"uv": [16, 8.5, 16, 10], "texture": "#0"},
				"south": {"uv": [9, 0, 16, 2], "texture": "#0"},
				"west": {"uv": [16, 7.5, 16, 9], "texture": "#0"},
				"up": {"uv": [15.5, 9, 16, 2], "rotation": 90, "texture": "#0"},
				"down": {"uv": [15.5, 2, 16, 9], "rotation": 270, "texture": "#0"}
			}
		},
		{
			"name": "rim",
			"from": [5.04, 5, -0.8],
			"to": [5.04, 9, 13.2],
			"rotation": {"angle": -22.5, "axis": "y", "origin": [5.5, 5, -1]},
			"faces": {
				"north": {"uv": [16, 8.5, 16, 10], "texture": "#0"},
				"east": {"uv": [9, 0, 16, 2], "texture": "#0"},
				"south": {"uv": [16, 7.5, 16, 9], "texture": "#0"},
				"west": {"uv": [9, 0, 16, 2], "texture": "#0"},
				"up": {"uv": [16, 14, 16, 7], "texture": "#0"},
				"down": {"uv": [16, 4.5, 16, 11.5], "texture": "#0"}
			}
		},
		{
			"name": "rim_bottom",
			"from": [5.04, 5, -0.8],
			"to": [6.04, 5, 13.2],
			"rotation": {"angle": -22.5, "axis": "y", "origin": [5.5, 5, -1]},
			"faces": {
				"north": {"uv": [16, 8.5, 16, 10], "texture": "#0"},
				"east": {"uv": [9, 0, 16, 2], "texture": "#0"},
				"south": {"uv": [16, 7.5, 16, 9], "texture": "#0"},
				"west": {"uv": [9, 0, 16, 2], "texture": "#0"},
				"up": {"uv": [15.5, 9, 16, 2], "texture": "#0"},
				"down": {"uv": [15.5, 2, 16, 9], "texture": "#0"}
			}
		},
		{
			"name": "side_rim",
			"from": [2, 4.9998, 6.25],
			"to": [4, 4.9998, 12.5],
			"rotation": {"angle": 0, "axis": "y", "origin": [3, 0, 9.75]},
			"faces": {
				"north": {"uv": [11.5, 11, 16, 11], "texture": "#0"},
				"east": {"uv": [15.5, 11.5, 16, 12], "texture": "#0"},
				"south": {"uv": [11.5, 10, 16, 10], "texture": "#0"},
				"west": {"uv": [12, 8, 12.5, 8.5], "texture": "#0"},
				"up": {"uv": [10.5, 6.5, 10, 6], "texture": "#0"},
				"down": {"uv": [16, 6.5, 15.5, 7], "texture": "#0"}
			}
		},
		{
			"name": "side_rim",
			"from": [3, 4.9999, 4],
			"to": [4, 4.9999, 6.5],
			"rotation": {"angle": 0, "axis": "y", "origin": [3, 0, 9.75]},
			"faces": {
				"north": {"uv": [11.5, 11, 16, 11], "texture": "#0"},
				"east": {"uv": [15.5, 11.5, 16, 12], "texture": "#0"},
				"south": {"uv": [11.5, 10, 16, 10], "texture": "#0"},
				"west": {"uv": [13, 13, 14, 13.5], "texture": "#0"},
				"up": {"uv": [10.5, 6.5, 10, 6], "texture": "#0"},
				"down": {"uv": [16, 6.5, 15.5, 7], "texture": "#0"}
			}
		},
		{
			"name": "side_rim",
			"from": [1, 4.9999, 8.75],
			"to": [2, 4.9999, 10],
			"rotation": {"angle": 0, "axis": "y", "origin": [1, 0, 13.25]},
			"faces": {
				"north": {"uv": [11.5, 11, 16, 11], "texture": "#0"},
				"east": {"uv": [15.5, 11.5, 16, 12], "texture": "#0"},
				"south": {"uv": [11.5, 10, 16, 10], "texture": "#0"},
				"west": {"uv": [13, 13, 14, 13.5], "texture": "#0"},
				"up": {"uv": [10.5, 6.5, 10, 6], "texture": "#0"},
				"down": {"uv": [16, 6.5, 15.5, 7], "texture": "#0"}
			}
		},
		{
			"name": "side_rim",
			"from": [0.5, 4.9999, 10],
			"to": [2.5, 4.9999, 13],
			"rotation": {"angle": 0, "axis": "y", "origin": [1.5, 4.9999, 12]},
			"faces": {
				"north": {"uv": [11.5, 10, 16, 10], "texture": "#0"},
				"east": {"uv": [13, 13, 14, 13.5], "texture": "#0"},
				"south": {"uv": [11.5, 11, 16, 11], "texture": "#0"},
				"west": {"uv": [15.5, 11.5, 16, 12], "texture": "#0"},
				"up": {"uv": [13.5, 9, 12.5, 7.5], "rotation": 180, "texture": "#0"},
				"down": {"uv": [13.5, 7.5, 12.5, 9], "rotation": 180, "texture": "#0"}
			}
		},
		{
			"name": "rim",
			"from": [11.17, 5, -0.86],
			"to": [11.17, 9, 13.14],
			"rotation": {"angle": 22.5, "axis": "y", "origin": [10.75, 5, -0.5]},
			"faces": {
				"north": {"uv": [16, 13, 16, 14.5], "texture": "#0"},
				"east": {"uv": [9, 0, 16, 2], "texture": "#0"},
				"south": {"uv": [16, 6.5, 16, 8], "texture": "#0"},
				"west": {"uv": [9, 0, 16, 2], "texture": "#0"},
				"up": {"uv": [16, 11.5, 16, 4.5], "rotation": 180, "texture": "#0"},
				"down": {"uv": [16, 4.5, 16, 9], "rotation": 180, "texture": "#0"}
			}
		},
		{
			"name": "rim_bottom",
			"from": [10.17, 5, -0.86],
			"to": [11.17, 5, 13.14],
			"rotation": {"angle": 22.5, "axis": "y", "origin": [10.75, 5, -0.5]},
			"faces": {
				"north": {"uv": [16, 13, 16, 14.5], "rotation": 180, "texture": "#0"},
				"east": {"uv": [9, 0, 16, 2], "rotation": 180, "texture": "#0"},
				"south": {"uv": [16, 6.5, 16, 8], "rotation": 180, "texture": "#0"},
				"west": {"uv": [9, 0, 16, 2], "rotation": 180, "texture": "#0"},
				"up": {"uv": [15.5, 2, 16, 9], "texture": "#0"},
				"down": {"uv": [15.5, 9, 16, 2], "texture": "#0"}
			}
		},
		{
			"name": "side_rim",
			"from": [12, 4.9998, 6.25],
			"to": [14, 4.9998, 12.5],
			"rotation": {"angle": 0, "axis": "y", "origin": [13, 0, 9.75]},
			"faces": {
				"north": {"uv": [11.5, 11, 16, 11], "texture": "#0"},
				"east": {"uv": [15.5, 11.5, 16, 12], "texture": "#0"},
				"south": {"uv": [11.5, 10, 16, 10], "texture": "#0"},
				"west": {"uv": [12, 8, 12.5, 8.5], "texture": "#0"},
				"up": {"uv": [10.5, 6.5, 10, 6], "texture": "#0"},
				"down": {"uv": [16, 6.5, 15.5, 7], "texture": "#0"}
			}
		},
		{
			"name": "side_rim",
			"from": [12, 4.9999, 4],
			"to": [13, 4.9999, 6.5],
			"rotation": {"angle": 0, "axis": "y", "origin": [12, 0, 9.75]},
			"faces": {
				"north": {"uv": [11.5, 11, 16, 11], "texture": "#0"},
				"east": {"uv": [15.5, 11.5, 16, 12], "texture": "#0"},
				"south": {"uv": [11.5, 10, 16, 10], "texture": "#0"},
				"west": {"uv": [13, 13, 14, 13.5], "texture": "#0"},
				"up": {"uv": [10.5, 6.5, 10, 6], "texture": "#0"},
				"down": {"uv": [16, 6.5, 15.5, 7], "texture": "#0"}
			}
		},
		{
			"name": "side_rim",
			"from": [14, 4.9999, 8.75],
			"to": [15, 4.9999, 10],
			"rotation": {"angle": 0, "axis": "y", "origin": [14, 0, 13.25]},
			"faces": {
				"north": {"uv": [11.5, 11, 16, 11], "texture": "#0"},
				"east": {"uv": [15.5, 11.5, 16, 12], "texture": "#0"},
				"south": {"uv": [11.5, 10, 16, 10], "texture": "#0"},
				"west": {"uv": [13, 13, 14, 13.5], "texture": "#0"},
				"up": {"uv": [10.5, 6.5, 10, 6], "texture": "#0"},
				"down": {"uv": [16, 6.5, 15.5, 7], "texture": "#0"}
			}
		},
		{
			"name": "side_rim",
			"from": [13.5, 4.9999, 10],
			"to": [15.5, 4.9999, 13],
			"rotation": {"angle": 0, "axis": "y", "origin": [14.5, 4.9999, 12]},
			"faces": {
				"north": {"uv": [11.5, 10, 16, 10], "texture": "#0"},
				"east": {"uv": [13, 13, 14, 13.5], "texture": "#0"},
				"south": {"uv": [11.5, 11, 16, 11], "texture": "#0"},
				"west": {"uv": [15.5, 11.5, 16, 12], "texture": "#0"},
				"up": {"uv": [14.5, 9, 13.5, 7.5], "rotation": 180, "texture": "#0"},
				"down": {"uv": [14.5, 7.5, 13.5, 9], "rotation": 180, "texture": "#0"}
			}
		},
		{
			"name": "feather",
			"from": [11, 6.5, 9],
			"to": [11, 14.5, 19],
			"rotation": {"angle": 45, "axis": "y", "origin": [11, 7, 9]},
			"faces": {
				"north": {"uv": [16, 5.5, 16, 9], "texture": "#0"},
				"east": {"uv": [5, 9, 10, 12.5], "texture": "#0"},
				"south": {"uv": [14.5, 4.5, 14.5, 8], "texture": "#0"},
				"west": {"uv": [0, 9, 5, 12.5], "texture": "#0"},
				"up": {"uv": [14, 4, 14, 8], "texture": "#0"},
				"down": {"uv": [14.5, 4.5, 14.5, 8.5], "texture": "#0"}
			}
		},
		{
			"from": [4, 5, 4.5],
			"to": [12, 8, 11.5],
			"rotation": {"angle": 0, "axis": "y", "origin": [12, 13, 12]},
			"faces": {
				"north": {"uv": [0, 7.5, 4, 9], "texture": "#0"},
				"east": {"uv": [8.5, 7.5, 12, 9], "texture": "#0"},
				"south": {"uv": [4, 7.5, 8, 9], "texture": "#0"},
				"west": {"uv": [8.5, 7.5, 12, 9], "texture": "#0"},
				"up": {"uv": [13, 6.5, 9, 3], "texture": "#0"},
				"down": {"uv": [16, 15.5, 15.5, 16], "texture": "#0"}
			}
		},
		{
			"from": [4, 5, 3.5],
			"to": [12, 7, 4.5],
			"rotation": {"angle": 0, "axis": "y", "origin": [12, 13, 11]},
			"faces": {
				"north": {"uv": [0, 8, 4, 9], "texture": "#0"},
				"east": {"uv": [12, 8, 12.5, 9], "texture": "#0"},
				"south": {"uv": [0, 7.5, 4, 9], "texture": "#0"},
				"west": {"uv": [4, 8, 4.5, 9], "texture": "#0"},
				"up": {"uv": [13, 7, 9, 6.5], "texture": "#0"},
				"down": {"uv": [16, 15.5, 15.5, 16], "texture": "#0"}
			}
		},
		{
			"from": [4, 5, 11.5],
			"to": [12, 7, 12.5],
			"rotation": {"angle": 0, "axis": "y", "origin": [12, 13, 19]},
			"faces": {
				"north": {"uv": [4, 8, 8, 9], "texture": "#0"},
				"east": {"uv": [12, 8, 12.5, 9], "texture": "#0"},
				"south": {"uv": [4, 8, 8, 9], "texture": "#0"},
				"west": {"uv": [4, 8, 4.5, 9], "texture": "#0"},
				"up": {"uv": [13, 3, 9, 2.5], "texture": "#0"},
				"down": {"uv": [16, 15.5, 15.5, 16], "texture": "#0"}
			}
		}
	],
	"display": {
		"thirdperson_righthand": {
			"rotation": [75, 0, 0],
			"translation": [0, 1.5, 1],
			"scale": [0.4, 0.4, 0.4]
		},
		"thirdperson_lefthand": {
			"rotation": [75, 0, 0],
			"translation": [0, 1.5, 1],
			"scale": [0.4, 0.4, 0.4]
		},
		"firstperson_righthand": {
			"rotation": [0, -45, 0],
			"translation": [0, 1.5, 0],
			"scale": [0.6, 0.6, 0.6]
		},
		"firstperson_lefthand": {
			"rotation": [0, 45, 0],
			"translation": [0, 1.5, 0],
			"scale": [0.6, 0.6, 0.6]
		},
		"ground": {
			"scale": [0.4, 0.4, 0.4]
		},
		"gui": {
			"rotation": [30, 150, 0],
			"translation": [-0.25, -1, 0],
			"scale": [0.8, 0.8, 0.8]
		},
		"head": {
			"translation": [0, 10, 0],
			"scale": [1.7, 1.7, 1.7]
		},
		"fixed": {
			"rotation": [0, 90, 0],
			"translation": [0, 0, -0.25]
		}
	},
	"groups": [
		{
			"name": "headwear",
			"origin": [-5, 2, -5],
			"children": [0, 1, 2,
				{
					"name": "rim_back",
					"origin": [8.5, 6, 14],
					"children": [3, 4]
				},
				{
					"name": "rim_left",
					"origin": [3.5, 6, 5],
					"children": [5, 6, 7, 8, 9, 10]
				},
				{
					"name": "rim_right",
					"origin": [14.5, 5, 7],
					"children": [11, 12, 13, 14, 15, 16]
				}, 17]
		},
		{
			"name": "cap",
			"origin": [8, 8, 8],
			"children": [18, 19, 20]
		}
	]
}